gamma_alpha,gamma_beta,gamma_mode,lag,normalized_weight,raw_weight_sum
1.0,0.5,0.0,1,0.8647039742630843,0.31302107371935645
1.0,0.5,0.0,2,0.11702495727271914,0.31302107371935645
1.0,0.5,0.0,3,0.015837605738255947,0.31302107371935645
1.0,0.5,0.0,4,0.0021433868583766707,0.31302107371935645
1.0,0.5,0.0,5,0.00029007586756404024,0.31302107371935645
1.0,1.0,0.0,1,0.6364086465588308,0.5780553786637387
1.0,1.0,0.0,2,0.23412165725273662,0.5780553786637387
1.0,1.0,0.0,3,0.08612854443626869,0.5780553786637387
1.0,1.0,0.0,4,0.03168492079612426,0.5780553786637387
1.0,1.0,0.0,5,0.011656230956039605,0.5780553786637387
1.0,1.5,0.0,1,0.5045833852976505,0.6783379899699903
1.0,1.5,0.0,2,0.25906174799123205,0.6783379899699903
1.0,1.5,0.0,3,0.13300673630520576,0.6783379899699903
1.0,1.5,0.0,4,0.0682879353657464,0.6783379899699903
1.0,1.5,0.0,5,0.035060195040165366,0.6783379899699903
1.0,2.0,0.0,1,0.42865552877716695,0.7074802714465085
1.0,2.0,0.0,2,0.2599927206586828,0.7074802714465085
1.0,2.0,0.0,3,0.1576935563815933,0.7074802714465085
1.0,2.0,0.0,4,0.09564597678455915,0.7074802714465085
1.0,2.0,0.0,5,0.058012217397997876,0.7074802714465085
2.0,0.5,0.5,1,0.7478258058470969,0.7238866708180104
2.0,0.5,0.5,2,0.20241443449193,0.7238866708180104
2.0,0.5,0.5,3,0.04109072223471617,0.7238866708180104
2.0,0.5,0.5,4,0.0074146993760430616,0.7238866708180104
2.0,0.5,0.5,5,0.0012543380502139038,0.7238866708180104
2.0,1.0,1.0,1,0.41110117891206227,0.8948635032986237
2.0,1.0,1.0,2,0.3024713439261812,0.8948635032986237
2.0,1.0,1.0,3,0.16690948346090803,0.8948635032986237
2.0,1.0,1.0,4,0.08187009000241725,0.8948635032986237
2.0,1.0,1.0,5,0.03764790369843118,0.8948635032986237
2.0,1.5,1.5,1,0.26980474468118676,0.8457426740450452
2.0,1.5,1.5,2,0.2770447494310779,0.8457426740450452
2.0,1.5,1.5,3,0.21335927564401558,0.8457426740450452
2.0,1.5,1.5,4,0.14605640616004154,0.8457426740450452
2.0,1.5,1.5,5,0.09373482408367832,0.8457426740450452
2.0,2.0,2.0,1,0.2046707209462798,0.7408615371416881
2.0,2.0,2.0,2,0.24827813479881478,0.7408615371416881
2.0,2.0,2.0,3,0.2258824513376209,0.7408615371416881
2.0,2.0,2.0,4,0.18267284296975203,0.7408615371416881
2.0,2.0,2.0,5,0.13849584994753247,0.7408615371416881
3.0,0.5,1.0,1,0.5700511703141037,0.9496360346881958
3.0,0.5,1.0,2,0.30859214637528704,0.9496360346881958
3.0,0.5,1.0,3,0.09396766245216083,0.9496360346881958
3.0,0.5,1.0,4,0.02260824926763662,0.9496360346881958
3.0,0.5,1.0,5,0.0047807715908117915,0.9496360346881958
3.0,1.0,2.0,1,0.20226457931406613,0.909401543312776
3.0,1.0,2.0,2,0.29763592162734215,0.909401543312776
3.0,1.0,2.0,3,0.24636180717183112,0.909401543312776
3.0,1.0,2.0,4,0.1611225670193064,0.909401543312776
3.0,1.0,2.0,5,0.09261512486745421,0.909401543312776
3.0,1.5,3.0,1,0.10719844491720706,0.7095419664994294
3.0,1.5,3.0,2,0.2201500670166658,0.7095419664994294
3.0,1.5,3.0,3,0.25431482961568946,0.7095419664994294
3.0,1.5,3.0,4,0.23212371048631425,0.7095419664994294
3.0,1.5,3.0,5,0.18621294796412333,0.7095419664994294
3.0,2.0,4.0,1,0.07304333921014279,0.5189818351948465
3.0,2.0,4.0,2,0.17721209887496622,0.5189818351948465
3.0,2.0,4.0,3,0.24184028528931079,0.5189818351948465
3.0,2.0,4.0,4,0.2607707516117639,0.5189818351948465
3.0,2.0,4.0,5,0.24713352501381627,0.5189818351948465
4.0,0.5,1.5,1,0.3600000381146632,1.0024834733934644
4.0,0.5,1.5,2,0.38976565698751436,1.0024834733934644
4.0,0.5,1.5,3,0.17802802884704533,1.0024834733934644
4.0,0.5,1.5,4,0.05711045619690833,1.0024834733934644
4.0,0.5,1.5,5,0.015095819853868674,1.0024834733934644
4.0,1.0,3.0,1,0.07649403123769558,0.8015428027935567
4.0,1.0,3.0,2,0.22512465171739435,0.8015428027935567
4.0,1.0,3.0,3,0.2795132173535234,0.8015428027935567
4.0,1.0,3.0,4,0.24373846802973878,0.8015428027935567
4.0,1.0,3.0,5,0.17512963166164794,0.8015428027935567
4.0,1.5,4.5,1,0.0338165158732497,0.4998333141732609
4.0,1.5,4.5,2,0.1388958252429102,0.4998333141732609
4.0,1.5,4.5,3,0.24067629374130897,0.4998333141732609
4.0,1.5,4.5,4,0.292900336242026,0.4998333141732609
4.0,1.5,4.5,5,0.29371102890050504,0.4998333141732609
