experiment_type,S_half,gamma_alpha,gamma_beta,gamma_mode,seed,vor_weight_raw_sum,outmigration_auc,mean_outmigration_probability,final_ohq_mean,final_ohq_std,final_ohq_std_over_mean,final_ohq_max,overall_ohq_mean,final_vor_mean,overall_vor_mean,volume_hhi
gamma,0.02127659574468085,1.0,0.5,0.0,42,0.31302107371935645,21.148564544590283,0.21360631944143865,1.3717461768591905,0.6056789054916224,0.4415386138552331,2.8345128701406503,1.6054223184823468,0.37174617685919076,0.6054223184823468,0.07130637755102041
gamma,0.02127659574468085,1.0,0.5,0.0,43,0.31302107371935645,20.461351771977142,0.20666482715140014,1.3247041603220686,0.6009371954990309,0.45363879234207893,2.8497755191557603,1.5602772192357346,0.32470416032206856,0.5602772192357348,0.08957499999999999
gamma,0.02127659574468085,1.0,0.5,0.0,44,0.31302107371935645,20.847730220887644,0.2106063205079023,1.2937877751574811,0.5733636474748408,0.44316669123346014,2.8735971463173753,1.5583993771894413,0.2937877751574813,0.5583993771894411,0.1053905612244898
gamma,0.02127659574468085,1.0,0.5,0.0,45,0.31302107371935645,20.692500873502468,0.20902222488774125,1.3669272136016828,0.5966954120518814,0.4365231784943862,2.8705140417569712,1.5884844708044077,0.3669272136016827,0.5884844708044076,0.09668698979591836
gamma,0.02127659574468085,1.0,0.5,0.0,46,0.31302107371935645,20.572810274682492,0.20779942100134072,1.331994694684297,0.5933338189823246,0.4454475842510422,2.8588273689634525,1.5734083113022341,0.33199469468429715,0.5734083113022341,0.09256147959183673
gamma,0.02127659574468085,1.0,1.0,0.0,42,0.5780553786637387,20.756320273725624,0.2096403177145825,1.3758167423214693,0.6043734914982617,0.43928342555163175,2.8494498499162084,1.6166931853796487,0.37581674232146933,0.6166931853796486,0.07009566326530613
gamma,0.02127659574468085,1.0,1.0,0.0,43,0.5780553786637387,20.612255562576905,0.20819139019153773,1.323786787654695,0.6000590771249678,0.4532898218360909,2.849872160749104,1.5646308051680082,0.3237867876546951,0.5646308051680085,0.09040280612244897
gamma,0.02127659574468085,1.0,1.0,0.0,44,0.5780553786637387,20.91094641385536,0.21124277833871954,1.2962036619114783,0.5717252733583524,0.4410767305773877,2.8748601558778857,1.5745906836484673,0.2962036619114781,0.5745906836484674,0.10163010204081635
gamma,0.02127659574468085,1.0,1.0,0.0,45,0.5780553786637387,20.39280087574253,0.20599410409998056,1.3623559884881826,0.6057717584913561,0.444650123469994,2.8673935993412814,1.5898881587197107,0.36235598848818257,0.5898881587197108,0.09318673469387755
gamma,0.02127659574468085,1.0,1.0,0.0,46,0.5780553786637387,20.940355199938708,0.21153687846025934,1.3269476178995903,0.5881749913085327,0.44325411446123847,2.870058789483095,1.572801647575527,0.32694761789959026,0.5728016475755272,0.09479999999999998
gamma,0.02127659574468085,1.0,1.5,0.0,42,0.6783379899699903,20.787595573387602,0.20996291719193544,1.3763642361468043,0.6017872618719927,0.43722965626942195,2.8456829716839644,1.6210592566507547,0.3763642361468041,0.6210592566507546,0.06940153061224488
gamma,0.02127659574468085,1.0,1.5,0.0,43,0.6783379899699903,20.792390348836967,0.2100240378293067,1.3263928735440527,0.5972083307743683,0.4502499543582881,2.8453306958102207,1.5767419142123014,0.32639287354405283,0.5767419142123011,0.08839132653061225
gamma,0.02127659574468085,1.0,1.5,0.0,44,0.6783379899699903,21.082736940930996,0.2129618937960927,1.297133655631757,0.5714089549483337,0.44051663640631866,2.8773668185161974,1.5792865284008355,0.2971336556317568,0.5792865284008357,0.10034005102040815
gamma,0.02127659574468085,1.0,1.5,0.0,45,0.6783379899699903,20.553858079629162,0.20762352322804115,1.357212535803755,0.6014967310327097,0.44318536350424825,2.8691029310936584,1.5939217892030013,0.35721253580375534,0.5939217892030014,0.09476122448979592
gamma,0.02127659574468085,1.0,1.5,0.0,46,0.6783379899699903,21.118446298474215,0.21334049719520767,1.3237973649986552,0.5884479491806849,0.44451512349194217,2.8553871633131993,1.5763211979216591,0.3237973649986554,0.5763211979216591,0.09256147959183673
gamma,0.02127659574468085,1.0,2.0,0.0,42,0.7074802714465085,20.90153762547106,0.21112861152764434,1.388193799971108,0.5786688972158897,0.4168502245348836,2.835300902778931,1.6248408770966,0.38819379997110814,0.6248408770966,0.0703045918367347
gamma,0.02127659574468085,1.0,2.0,0.0,43,0.7074802714465085,20.856712329684107,0.21066640993840643,1.3285388819455615,0.596094418754628,0.44868421004109815,2.8487758377917043,1.5910815857525111,0.3285388819455612,0.591081585752511,0.08560561224489796
gamma,0.02127659574468085,1.0,2.0,0.0,44,0.7074802714465085,21.065896656317292,0.21279509334212376,1.2987741261947532,0.5694400678184621,0.4384442655066211,2.8816429669126613,1.5832768301032505,0.2987741261947532,0.5832768301032504,0.10118622448979592
gamma,0.02127659574468085,1.0,2.0,0.0,45,0.7074802714465085,20.734745918192694,0.20945614960815104,1.3585048523116494,0.5991777849612269,0.4410567867620481,2.8688766677067434,1.5983070841870763,0.3585048523116497,0.5983070841870762,0.09095969387755101
gamma,0.02127659574468085,1.0,2.0,0.0,46,0.7074802714465085,21.02392709183014,0.2123833292401324,1.330474372385548,0.5868839116554033,0.4411087682982703,2.84752410272015,1.5856318988309388,0.3304743723855482,0.5856318988309389,0.08901938775510204
gamma,0.02127659574468085,2.0,0.5,0.5,42,0.7238866708180104,20.907458086631866,0.21116704772390016,1.3769214238641905,0.6011282994588644,0.4365741494324772,2.8449234653719273,1.6139827870405374,0.37692142386419075,0.6139827870405372,0.07014668367346939
gamma,0.02127659574468085,2.0,0.5,0.5,43,0.7238866708180104,20.468110572375092,0.2067362606342271,1.3253091715521697,0.6000817689898106,0.45278624933004086,2.8505083126664594,1.5641831126294954,0.32530917155216965,0.5641831126294957,0.08929464285714285
gamma,0.02127659574468085,2.0,0.5,0.5,44,0.7238866708180104,20.902310921322332,0.2111608334060673,1.2949766164367407,0.5704676519413785,0.4405235157921832,2.873704681009117,1.5652026132619583,0.29497661643674034,0.5652026132619584,0.10413341836734695
gamma,0.02127659574468085,2.0,0.5,0.5,45,0.7238866708180104,20.343113038697116,0.20549584448560662,1.3621037814991952,0.6061921549304148,0.44504109243659196,2.8675279744040094,1.5870514143069092,0.3621037814991955,0.5870514143069094,0.09264107142857142
gamma,0.02127659574468085,2.0,0.5,0.5,46,0.7238866708180104,20.90321327201739,0.21116349565041884,1.3255083714218072,0.5861892470070335,0.44223730279293316,2.856270660262126,1.5677584875237618,0.32550837142180733,0.5677584875237616,0.09518010204081633
gamma,0.02127659574468085,2.0,1.0,1.0,42,0.8948635032986237,20.988992585320638,0.21200505084374618,1.3894675086254777,0.5940681373204493,0.42755093849450826,2.8345553962618144,1.6245246200447594,0.3894675086254776,0.6245246200447592,0.06902295918367347
gamma,0.02127659574468085,2.0,1.0,1.0,43,0.8948635032986237,20.639886492460317,0.20846390778510712,1.3291716405384502,0.5997602812060062,0.45122861706787704,2.843896004432297,1.5896673004034074,0.32917164053845016,0.5896673004034073,0.08460280612244896
gamma,0.02127659574468085,2.0,1.0,1.0,44,0.8948635032986237,21.0789378172983,0.21292469091599386,1.2999776172050028,0.5692437175193539,0.43788732204731934,2.8811010416088365,1.5826933851424247,0.29997761720500293,0.5826933851424247,0.10103494897959184
gamma,0.02127659574468085,2.0,1.0,1.0,45,0.8948635032986237,20.57286829847542,0.20781310122271276,1.3574662956993147,0.5999929446211721,0.4419947268834979,2.869893758699724,1.5986001077501786,0.35746629569931443,0.5986001077501786,0.09256632653061224
gamma,0.02127659574468085,2.0,1.0,1.0,46,0.8948635032986237,21.014591711949762,0.21229066458195336,1.3298486219035044,0.5873628442219037,0.44167646944745526,2.8561305952937994,1.5824944078779166,0.32984862190350445,0.5824944078779165,0.09068826530612245
gamma,0.02127659574468085,2.0,1.5,1.5,42,0.8457426740450452,20.817774227950505,0.2102793014163504,1.3890156715159787,0.5809434408051636,0.418241098871922,2.8317747783005753,1.6298993241850057,0.3890156715159789,0.6298993241850054,0.0696109693877551
gamma,0.02127659574468085,2.0,1.5,1.5,43,0.8457426740450452,20.725449925331294,0.209325950521577,1.3341912490085608,0.597364444864276,0.447735244334857,2.837909798599501,1.6024518474733853,0.3341912490085608,0.6024518474733854,0.08334770408163265
gamma,0.02127659574468085,2.0,1.5,1.5,44,0.8457426740450452,21.289947522138544,0.21506120888560296,1.3290989936769901,0.5747310623023898,0.432421561551544,2.881469764767178,1.6014150211697868,0.3290989936769901,0.6014150211697867,0.09845000000000001
gamma,0.02127659574468085,2.0,1.5,1.5,45,0.8457426740450452,20.616643290330778,0.2082573904810136,1.365995127934018,0.5981726821168613,0.4379025004441707,2.8693978631220762,1.6193282561454119,0.3659951279340181,0.6193282561454119,0.08471275510204081
gamma,0.02127659574468085,2.0,1.5,1.5,46,0.8457426740450452,21.109078142651043,0.21324504437440236,1.3323804764146117,0.5787075535975822,0.4343410638640275,2.867468170817408,1.5931541825569053,0.33238047641461155,0.5931541825569053,0.09430510204081632
gamma,0.02127659574468085,2.0,2.0,2.0,42,0.7408615371416881,20.99106221393449,0.2120365865340079,1.3956302952130464,0.5817516882922649,0.4168379622365958,2.8229041771834344,1.6357827815591066,0.39563029521304627,0.6357827815591066,0.0679219387755102
gamma,0.02127659574468085,2.0,2.0,2.0,43,0.7408615371416881,20.821895189423625,0.2102942737321924,1.3350993163086415,0.5977726591410645,0.4477364731140903,2.839369179389906,1.6067175308611803,0.33509931630864165,0.6067175308611802,0.08083673469387753
gamma,0.02127659574468085,2.0,2.0,2.0,44,0.7408615371416881,21.290334842245883,0.21506011278528755,1.3316713865725918,0.5739363180375985,0.43098944966804104,2.8812581560809836,1.6055760075050118,0.33167138657259176,0.605576007505012,0.09701045918367347
gamma,0.02127659574468085,2.0,2.0,2.0,45,0.7408615371416881,20.66730547806677,0.20875941568721715,1.3644331290789422,0.6007734009980404,0.4403098900153438,2.868781563882618,1.6225226025753088,0.364433129078942,0.6225226025753087,0.0830109693877551
gamma,0.02127659574468085,2.0,2.0,2.0,46,0.7408615371416881,21.00258435603615,0.21212808127326974,1.336399829381327,0.5872334346802778,0.43941447893788765,2.8614730792776477,1.5995958023803514,0.3363998293813273,0.5995958023803515,0.09222882653061226
gamma,0.02127659574468085,3.0,0.5,1.0,42,0.9496360346881958,20.690678725074292,0.20897934019204345,1.375037900976423,0.6032986182687738,0.4387505375963584,2.8542189699633087,1.617394541336818,0.3750379009764231,0.6173945413368179,0.06981581632653062
gamma,0.02127659574468085,3.0,0.5,1.0,43,0.9496360346881958,20.591656486085846,0.20798224010101424,1.3241820643215536,0.6003037182132808,0.4533392608068945,2.8495866007311705,1.564761039622799,0.3241820643215537,0.564761039622799,0.0901127551020408
gamma,0.02127659574468085,3.0,0.5,1.0,44,0.9496360346881958,20.91126342713427,0.21124467274274078,1.294333717331355,0.5717239293275536,0.4417129227741425,2.875999277618495,1.5735796506581752,0.29433371733135477,0.5735796506581752,0.10169030612244896
gamma,0.02127659574468085,3.0,0.5,1.0,45,0.9496360346881958,20.470849448518265,0.20678541876367817,1.358984645191745,0.6046446446991647,0.4449238237079954,2.868776632066524,1.5889799698452431,0.35898464519174517,0.5889799698452434,0.09338367346938775
gamma,0.02127659574468085,3.0,0.5,1.0,46,0.9496360346881958,20.9457423578153,0.21158940415007066,1.329734255419218,0.58974024308089,0.4435023318963576,2.863307367341125,1.5746572561758208,0.32973425541921786,0.5746572561758206,0.09399923469387755
gamma,0.02127659574468085,3.0,1.0,2.0,42,0.909401543312776,20.749014278266138,0.20958981246271247,1.3904625594333127,0.5847353860109091,0.42053299604789063,2.8252985072783128,1.6324621904719547,0.3904625594333125,0.6324621904719546,0.06851658163265305
gamma,0.02127659574468085,3.0,1.0,2.0,43,0.909401543312776,20.60728258498773,0.20810691155946676,1.337609907363648,0.6001854804744721,0.44869993648402545,2.837940729060323,1.6071560530107776,0.3376099073636479,0.6071560530107775,0.08143469387755102
gamma,0.02127659574468085,3.0,1.0,2.0,44,0.909401543312776,21.37528260789153,0.21593407857708738,1.3263808309737362,0.5722825929461632,0.4314617488297334,2.882455467691606,1.6032209877120371,0.3263808309737359,0.6032209877120372,0.09848265306122449
gamma,0.02127659574468085,3.0,1.0,2.0,45,0.909401543312776,20.78753179702697,0.2099902166343108,1.3641937819776564,0.5962818664064145,0.4370946959910573,2.870657713221009,1.6181114256499673,0.36419378197765645,0.6181114256499673,0.08453214285714285
gamma,0.02127659574468085,3.0,1.0,2.0,46,0.909401543312776,21.038387132196586,0.2125094809390351,1.3322643095966713,0.5860003846939419,0.43985294845235867,2.8662962154175164,1.596129212390312,0.3322643095966716,0.5961292123903118,0.09387295918367347
gamma,0.02127659574468085,3.0,1.5,3.0,42,0.7095419664994294,20.874170419313646,0.21085216223586678,1.3994366468261439,0.5826501557410909,0.41634621836044805,2.823624404918909,1.6425509828886375,0.3994366468261438,0.6425509828886378,0.06768801020408163
gamma,0.02127659574468085,3.0,1.5,3.0,43,0.7095419664994294,21.028645224004183,0.21239738469204839,1.333451555614645,0.5891821227231216,0.4418474148853067,2.84480971972822,1.6168980977400462,0.333451555614645,0.6168980977400463,0.08055229591836735
gamma,0.02127659574468085,3.0,1.5,3.0,44,0.7095419664994294,21.447634737895857,0.21665093897898147,1.3283079690951294,0.572677661583571,0.43113319720101567,2.882114049159549,1.6110012914906533,0.32830796909512927,0.6110012914906533,0.09621147959183673
gamma,0.02127659574468085,3.0,1.5,3.0,45,0.7095419664994294,20.386197982473394,0.2059047540155178,1.3669641570218538,0.6069374551250645,0.4440039279796283,2.8666162179683683,1.6298720626562004,0.3669641570218538,0.6298720626562004,0.08122602040816325
gamma,0.02127659574468085,3.0,1.5,3.0,46,0.7095419664994294,20.7596678201308,0.20968635687069045,1.3331577642669954,0.5925031805850218,0.44443590733674,2.858602059332954,1.6054040537468168,0.33315776426699517,0.6054040537468167,0.09271173469387754
gamma,0.02127659574468085,3.0,2.0,4.0,42,0.5189818351948465,20.999395014389915,0.21213330973682287,1.3951288942250595,0.5811630592597878,0.4165658539977423,2.8456406451163243,1.6436061203439922,0.3951288942250593,0.6436061203439926,0.0680109693877551
gamma,0.02127659574468085,3.0,2.0,4.0,43,0.5189818351948465,20.908575449000654,0.2111712742071423,1.3373896635609277,0.5969902714195853,0.4463846907789325,2.8413860882665096,1.6300444140625576,0.3373896635609273,0.6300444140625577,0.07590510204081632
gamma,0.02127659574468085,3.0,2.0,4.0,44,0.5189818351948465,21.260383417693845,0.21476309953365327,1.3314223069258297,0.5717060439709898,0.42939497182604897,2.8815246410062416,1.6165241359150857,0.3314223069258295,0.6165241359150856,0.09421607142857144
gamma,0.02127659574468085,3.0,2.0,4.0,45,0.5189818351948465,20.67919640885709,0.20888722387742908,1.359775954937013,0.5868895848064403,0.43160756202195527,2.8695217980695125,1.6362655975122216,0.359775954937013,0.6362655975122214,0.08329387755102043
gamma,0.02127659574468085,3.0,2.0,4.0,46,0.5189818351948465,21.092000127440933,0.2130608317660259,1.351136653565302,0.5872053644868137,0.4346010175486912,2.862226081630038,1.6182929558311019,0.35113665356530194,0.6182929558311019,0.09358520408163265
gamma,0.02127659574468085,4.0,0.5,1.5,42,1.0024834733934644,21.10969387361729,0.21321587824337015,1.384758897658321,0.5962493621439219,0.43057991044665017,2.8349802183040054,1.6229163802763127,0.38475889765832083,0.6229163802763128,0.06930076530612245
gamma,0.02127659574468085,4.0,0.5,1.5,43,1.0024834733934644,20.930585837793117,0.21141607866997514,1.3253713082928036,0.5927152329354849,0.4472069292785242,2.8516061374935693,1.5790627525984526,0.3253713082928037,0.5790627525984524,0.08925331632653061
gamma,0.02127659574468085,4.0,0.5,1.5,44,1.0024834733934644,21.130106450450953,0.21343728734818387,1.3208763942673065,0.5798165440012449,0.4389635143134424,2.8745913396154408,1.5865698982942331,0.3208763942673066,0.5865698982942332,0.09834923469387755
gamma,0.02127659574468085,4.0,0.5,1.5,45,1.0024834733934644,20.59605424810142,0.20804567655739792,1.357677741324444,0.6032223928858079,0.44430454630371374,2.870259937902243,1.5974075220554604,0.3576777413244441,0.5974075220554604,0.0906079081632653
gamma,0.02127659574468085,4.0,0.5,1.5,46,1.0024834733934644,20.90205058373173,0.21113543148446298,1.325752413203199,0.594065572244652,0.448096919400892,2.84816024553301,1.5774328479997692,0.325752413203199,0.5774328479997695,0.09115178571428573
gamma,0.02127659574468085,4.0,1.0,3.0,42,0.8015428027935567,20.755269968620574,0.20965713222114415,1.3858231751184786,0.5837186907499177,0.42120719383987326,2.832870926041652,1.6406943505219735,0.3858231751184786,0.6406943505219732,0.06768316326530611
gamma,0.02127659574468085,4.0,1.0,3.0,43,0.8015428027935567,20.79676210117396,0.2100436121383535,1.3334744439116732,0.5982835452830303,0.44866517541048534,2.836445315595408,1.6167868230911036,0.33347444391167325,0.6167868230911036,0.07881173469387755
gamma,0.02127659574468085,4.0,1.0,3.0,44,0.8015428027935567,21.419444176430797,0.21637120303730367,1.3269123755302104,0.5720537157317002,0.4311164220645073,2.883173651153622,1.6102365740363025,0.3269123755302102,0.6102365740363025,0.09629846938775512
gamma,0.02127659574468085,4.0,1.0,3.0,45,0.8015428027935567,20.55005578186479,0.2075684212866783,1.3596406660503406,0.6001594349939903,0.44141032993475454,2.863154130202863,1.6262687032223864,0.35964066605034073,0.6262687032223864,0.08531989795918368
gamma,0.02127659574468085,4.0,1.0,3.0,46,0.8015428027935567,20.7578365322433,0.209660324747169,1.3364139608593388,0.590814167984615,0.4420891918883506,2.8594449157451107,1.6074376065143794,0.33641396085933906,0.6074376065143791,0.09315229591836735
gamma,0.02127659574468085,4.0,1.5,4.5,42,0.4998333141732609,21.14517986121254,0.21361387430108777,1.3912705924482291,0.5916743627147418,0.4252762661169802,2.860743193331852,1.6464623996677399,0.39127059244822904,0.6464623996677399,0.06921275510204081
gamma,0.02127659574468085,4.0,1.5,4.5,43,0.4998333141732609,20.971803708745096,0.211820556484181,1.3510231891351432,0.5929330506162324,0.43887703437259146,2.832574681902675,1.6496741040001557,0.3510231891351435,0.6496741040001557,0.06716581632653063
gamma,0.02127659574468085,4.0,1.5,4.5,44,0.4998333141732609,21.265876264872652,0.21481359772406453,1.334253960604152,0.5713005502985526,0.4281797672460099,2.8835298407640826,1.623334236290953,0.3342539606041518,0.6233342362909534,0.09318290816326531
gamma,0.02127659574468085,4.0,1.5,4.5,45,0.4998333141732609,20.709169303789125,0.20918933088358774,1.35773535100992,0.5959894684334125,0.4389584965804268,2.8611175779630993,1.6425543586110696,0.3577353510099199,0.6425543586110695,0.07814591836734694
gamma,0.02127659574468085,4.0,1.5,4.5,46,0.4998333141732609,21.394131704541977,0.21612682403990427,1.3470530271369638,0.5730939504809749,0.4254427546174874,2.8787781233049796,1.6110720999423318,0.3470530271369639,0.6110720999423321,0.09881377551020408
