gamma_alpha,gamma_beta,gamma_mode,outmigration_auc,outmigration_auc,outmigration_auc,mean_outmigration_probability,mean_outmigration_probability,mean_outmigration_probability,final_ohq_mean,final_ohq_mean,final_ohq_mean,final_ohq_std,final_ohq_std,final_ohq_std,final_vor_mean,final_vor_mean,final_vor_mean,volume_hhi,volume_hhi,volume_hhi
,,,mean,std,count,mean,std,count,mean,std,count,mean,std,count,mean,std,count,mean,std,count
1.0,0.5,0.0,20.744591537128006,0.26752513095633956,5,0.2095398225979646,0.0027035309455789394,5,1.337832004124944,0.03218311240581187,5,0.59400179589994,0.012430703797131943,5,0.3378320041249441,0.03218311240581182,5,0.09110408163265306,0.01256665776014118,5
1.0,1.0,0.0,20.722535665167825,0.22636921837399404,5,0.20932109376101593,0.0022939903956666757,5,1.337022159655083,0.031975161255341424,5,0.5940209183562941,0.014256472431647276,5,0.3370221596550831,0.0319751612553415,5,0.0900230612244898,0.011882726602183471,5
1.0,1.5,0.0,20.86700544825179,0.23435933619981972,5,0.21078257384811674,0.0023727211188471604,5,1.3361801332250047,0.030947030953365602,5,0.5920698455616178,0.012744497970145652,5,0.3361801332250049,0.030947030953365637,5,0.08909112244897958,0.011820549594688107,5
1.0,2.0,0.0,20.91656392429906,0.13294068693711844,5,0.2112859187312916,0.0013452239196203146,5,1.340897206561724,0.033847874734509675,5,0.586053016081122,0.012291205948326596,5,0.34089720656172406,0.03384787473450981,5,0.08741510204081633,0.011189565342456466,5
2.0,0.5,0.5,20.70484117820876,0.2767164728016875,5,0.209144696380044,0.002799327903668702,5,1.3369638729548208,0.03262901763142459,5,0.5928118244655003,0.01452729905241533,5,0.33696387295482066,0.032629017631424846,5,0.09027918367346939,0.012528210271554678,5
2.0,1.0,1.0,20.859055381100887,0.2341802516290089,5,0.21069948306990266,0.002372599460321555,5,1.34118633679435,0.03379039763969679,5,0.590085584977777,0.012741791492490207,5,0.3411863367943499,0.03379039763969664,5,0.08758306122448979,0.011924636450584255,5
2.0,1.5,1.5,20.911778621680433,0.2795527191709554,5,0.21123377913578928,0.0028330254813627204,5,1.3501363037100318,0.026340036695880857,5,0.5859838367372545,0.01098932451281301,5,0.3501363037100319,0.026340036695880968,5,0.08608530612244898,0.011194114879153534,5
2.0,2.0,2.0,20.954636415941383,0.23264703856885213,5,0.21165569400239495,0.002355853843870762,5,1.3526467913109097,0.027378571093648767,5,0.5882935002298492,0.011131600286409441,5,0.3526467913109098,0.02737857109364871,5,0.08420178571428572,0.011250228092752284,5
3.0,0.5,1.0,20.722038088925594,0.20428432004779956,5,0.20931621518990945,0.0020726939857752895,5,1.3364545166480588,0.03148897017446565,5,0.5939422307179326,0.013728271859162209,5,0.3364545166480589,0.031488970174465676,5,0.08980035714285714,0.01195116186240969,5
3.0,1.0,2.0,20.911499680073792,0.30228819544092256,5,0.2112261000345225,0.003071901285963562,5,1.350182277869005,0.026760279761837716,5,0.5878971421063801,0.010939782872639935,5,0.35018227786900485,0.02676027976183771,5,0.08536780612244897,0.011666922373229067,5
3.0,1.5,3.0,20.899263236763577,0.38755757213241965,5,0.21109831935862097,0.003922579118335697,5,1.3522636185649535,0.03055405434912082,5,0.588790115151574,0.012654808715524827,5,0.3522636185649534,0.030554054349120903,5,0.0836779081632653,0.011293344021529645,5
3.0,2.0,4.0,20.987910083476486,0.21610557366398175,5,0.21200314782421467,0.0021882622466026062,5,1.3549706946428264,0.025070354051838644,5,0.5847908647887234,0.00926597897469462,5,0.3549706946428262,0.025070354051838765,5,0.08300224489795918,0.011324108776233029,5
4.0,0.5,1.5,20.933698198738902,0.21480536227295907,5,0.211450070460678,0.0021654767984952074,5,1.342887350949215,0.02764453891466825,5,0.5932138208422224,0.008512448567422327,5,0.34288735094921485,0.027644538914668188,5,0.08773260204081632,0.010893992249560582,5
4.0,1.0,3.0,20.855873712066685,0.3295310528243052,5,0.2106601386861297,0.003337691094408549,5,1.3484529242940084,0.024264109135104572,5,0.5890059109486507,0.011500837046537444,5,0.3484529242940083,0.024264109135104624,5,0.08425311224489797,0.011506475669729998,5
4.0,1.5,4.5,21.097232168632278,0.26702726099775104,5,0.21311283668656505,0.002706087233969098,5,1.3562672240668816,0.021356359067437866,5,0.5849982765087829,0.011807600821043868,5,0.35626722406688166,0.021356359067437835,5,0.08130423469387756,0.014175336130576486,5
